{"cameraMode":{"drawMode":0,"name":"Shaded","section":"Shading Mode"},"sceneLighting":true,"audioPlay":false,"sceneViewState":{"m_AlwaysRefresh":false,"showFog":true,"showSkybox":true,"showFlares":true,"showImageEffects":true,"showParticleSystems":true,"showVisualEffectGraphs":true,"m_FxEnabled":true},"in2DMode":false,"pivot":{"x":-0.48730331659317019,"y":-4.023573875427246,"z":1.8274887800216675},"rotation":{"x":-0.44039568305015566,"y":0.15712065994739533,"z":-0.07858683913946152,"w":-0.8804351687431336},"size":2.9660253524780275,"orthographic":false}