{"cameraMode":{"drawMode":0,"name":"Shaded","section":"Shading Mode"},"sceneLighting":true,"audioPlay":false,"sceneViewState":{"m_AlwaysRefresh":false,"showFog":true,"showSkybox":true,"showFlares":true,"showImageEffects":true,"showParticleSystems":true,"showVisualEffectGraphs":true,"m_FxEnabled":true},"in2DMode":false,"pivot":{"x":-0.24197876453399659,"y":-0.7327927350997925,"z":-0.9216831922531128},"rotation":{"x":0.4331582486629486,"y":0.14624802768230439,"z":-0.07145927846431732,"w":0.8864985108375549},"size":0.33963543176651,"orthographic":false}