{"cameraMode":{"drawMode":0,"name":"Shaded","section":"Shading Mode"},"sceneLighting":true,"audioPlay":false,"sceneViewState":{"m_AlwaysRefresh":false,"showFog":true,"showSkybox":true,"showFlares":true,"showImageEffects":true,"showParticleSystems":true,"showVisualEffectGraphs":true,"m_FxEnabled":true},"in2DMode":false,"pivot":{"x":-1.856367588043213,"y":0.5041623115539551,"z":-1.1096761226654053},"rotation":{"x":0.02025795914232731,"y":-0.42628952860832217,"z":0.009549730457365513,"w":0.904318630695343},"size":0.7092480063438416,"orthographic":false}